,job_title,company,job_search,location,date_range,link
0,All Source Electronic Warfare Intelligence Analyst,                Booz Allen Hamilton,Data AnalystData Scientist,"Centennial, Colorado | RemoteCentennial, Colorado | Remote",0,/jobs/view/3787417861/?eBP=CwEAAAGM70HdiOXwl6R2HlpKIpw6PZLw10VCuGXKymCKcBUW-I53MTKGZnjmc34V-SFlLnugk-8NiUPjhEoeQN9cBBIZQaykfx_3JnEEJAPSWni-zWbiRRmZeR8_NwaiyyNEagcvpwi-i64bq8NAXQLTbqHmUfuL-09aSmfRoWi4AkKuIGoRLRxiA04AZgjrBG1ZALBMTKJLeZeLozBzreNA4moIuiYp3YXWW1yzwYAyZn3RKlowW7kpU9REQbFBDRU69P7JZ0FLlZJqtUlMe0uXHNQIz-fjygeBjJN0XuDX52UQq_31hc1Wdy_N4QOel5xhrbTI39t3bkR55iZyKYQqNoF0iM_NAraD0o-vW-kofk4ebheEJtfcCFXt4uyte4mV8hG2kukxtvnx9qUw0BiOkZCcfA&refId=YG8gmonjJ5Lfw3KlcXgqpQ%3D%3D&trackingId=7FzUw1MUtnTQRonUtfm5jQ%3D%3D&trk=flagship3_search_srp_jobs/jobs/view/3787417861/?eBP=CwEAAAGM70JXw2VVauAsBxOSEMF7i3STU1QT9pEimaoUygftGqSjuKm5pIm7Cb1MBG_fSf8_MKzyx0PBR9PhgHMpMV7aFDegwyUAzK6t1S1sNyKPHFdZsIFxIaNCbQqXDcWBiMDipJdL3DjhzAn493UEM4E1GnWz7AvD-VG11YGbOC7KIeArk1jYk9uaL_GRyBUSy9wSbOtRurssPUMzdTOz93dM5TKsDynAdOKmYdfATMEF8BPE-hLoIhsf1GnSu8a0aHa1eG-ZDRzQJS8rmQ1wySm8_8EDh6MG9bep0QcT7_3rVQgA5lgZrwkdKBAJiLELZtGoIPSS2AVJ46nUVHkd3QA9J7jd1-3wrDpLrV_UGgESwSCGv58MrACdA-tT7w0ZEbq_WvrW4m0CvogBymCfum0zoA&refId=uiCBxTmPkD9oedv4YE0mTg%3D%3D&trackingId=%2B1Y0KKht8P8WapPn0XipXg%3D%3D&trk=flagship3_search_srp_jobs
1,BI Publisher Principal Technical Support Analyst,                Oracle,Data AnalystData Analyst,"Centennial, Colorado | RemoteCentennial, Colorado | Remote",0,/jobs/view/3801729701/?eBP=CwEAAAGM70HdiBmoWyFy0CgZoW1kzoEUljvauKXpwrC07W8fIQ2HcXnE-R-4F12EAptveI2BKyRugJMF9lNMDeeSL2co7RumIXIRkKjHMPu5U44R0Ow50SIw7h8hwD9rk0-3mdKLLjbjouygM9-oa2T6OWFhKrOB-mH8ZtSwyGCsckpnVI8O80bSEoELbbtOHMAGFNoBA6Njfp1d2O0MGGcb-_EsyT8zL8dBebQZQFd0HCmEJvJy190rKE04Pl0fs9jXOal_GTAwIlVPjR8wnxInHURcN2w3XBxWy6wbvBbZL_a0ewtuUaPIpQ7XOAJNI2dsNehl1B6kNPlca6G57T7Oq_wpw-M2xhA2XmTmS2t2u71oOjlpg2QcYbs2YJSBwm5pChfcULp3zInI66g6BXy4ywebMvCU&refId=YG8gmonjJ5Lfw3KlcXgqpQ%3D%3D&trackingId=3vGvGIuCuuBYJJPw%2BTWixA%3D%3D&trk=flagship3_search_srp_jobs/jobs/view/3801729971/?eBP=CwEAAAGM70HdiI4wdCD1i96TM37evMwpzfcJR3BZKLha2wksVEYvFtSbx6npnYoBekRXUUg_1GRB7Xj4Mw_Et0PyOUsvfbOJB51fq8f42Fz-PbdKEWyDgm1K4brnnxTnch74hgkYrEFI9ZwFCk_FS970te9RShVFKEgyqWggf35wyRZhD1Aa1w4By2yRqpEQ4FsmfLMxssoLRcvkIIjtpL8MtFCDGkswhPQ27jClQnacsVeWw1Z_jellefalNp6r0HegUyhWHoZv7Gj3Je2G_aiC7hy7hGgNbiunykHolULL72EIK6L91Gg3KT1Qx4DXXUqno2iBMPoiynHeqfrck0NZNW1294WOG7X-AmoQN0yFkp_WNPO4mUnWEeddh6XuNVpiixV1op3xAqF6YCJsZYPN-ety2OV-&refId=YG8gmonjJ5Lfw3KlcXgqpQ%3D%3D&trackingId=lKBXVIyg3J0tDDa6O081tQ%3D%3D&trk=flagship3_search_srp_jobs
2,Data Analytics/Fraud Strategy Analyst,                Charles Schwab,Data Analyst,"Centennial, Colorado | Remote",0,/jobs/view/3802127900/?eBP=CwEAAAGM70HdiLodKV_1W6LPZziK6TZoudxK5QIE2EBpc_9L8LJAny8MLskhjGb-h9wwjKRJd_MMEcTnrV1NPpcZnNFP6u_zkz09tYCAwChBNuCCC-jpcI8sNjiMyNC7gbBSlTPi5_OCJx14bCBLHGMRX0r60YgWuRbxtWxz05JspsmsdnIWxEtWkvQXRgFDHL7v1-UE82gcpuFSfrr08eYesmZSZJhoYjzCrHA3EP8mXoLOvEu2zamI_2fQiveOb5iPKS9UPA1ryjVTSHl6tPRRzTrlBdHVsXuIbzh0olCBrifNj0UBMqi-1nuoD8bQnnM2HRvqTvO5pdidmFpuf7yXdt9ANZ4Lz_9Ia3T91LeW3Q8sB2Luix3lcrCNvsEOJsLmCUT05Lha2kc9bxit5R7nM8qZ06oW&refId=YG8gmonjJ5Lfw3KlcXgqpQ%3D%3D&trackingId=OvhXnGvEGx9ILPVwo0WQpw%3D%3D&trk=flagship3_search_srp_jobs
3,Estimator - Kiewit Infrastructure Engineers,                Kiewit,Data Engineer,"Centennial, Colorado | Remote",0,/jobs/view/3737848982/?eBP=CwEAAAGM70LDfHzNR8YAT8e7xFiwQ85pBDQxyASEAr1hfKtOBTvj2km_IqX9LB13ZOg5KrqzyD4b3RmqrVks9v-kCDmJEVKPC6YcKiT5K2_rstL-s_jyHNq_74UJ-BavGgjROMRiSMibeRiWJoWG1TJRiEYpElRlNvCl40jwATo_Mn_LvypTrTNtU_kzQykCzXUY1ic4MsmSbejQbXIrXlh2U4q6gefdXazG4Rh3r9lBZahMvsgGPucONAVmvD047t1AW-d4TqEZpPvV4HzeLbGWh-4qYCCYLyfLWAb_n4XlVuvF998Kj8QMd8J9L8Bjtl-QDEHOotzJPGg6N7vOK85b_c831z3gA3yrfItBSnmSf7CGrQUaiEfmYstgb4v8G9Z9yaeo-ZGA3WOpEFsA2x3MJo3dbw&refId=44tdDZvCh8CGlf8GcMpzgw%3D%3D&trackingId=kT76mN8WjfHCxaf3W8XV3A%3D%3D&trk=flagship3_search_srp_jobs
4,Intrusion Analyst,                Leidos,Data Scientist,"Centennial, Colorado | Remote",0,/jobs/view/3800619535/?eBP=CwEAAAGM70JXwnYBeS2gXax40GyR89qDo8LIe2UPEG4GDT-KBSSQ7KtlXsEsTtO8I8ZB3tCe7lM-QVgzksYhvkq9mOQfFMmlgkLc7Srwjfd65TqDQIGoQ0B0w9qt-LjCanmRBPIColB36x2HSabb2g6EmAfQdIlIjYt9ac0TanJCOPCnyr5_r6RoyZBcdmOMyuWVVhXIdi6lUVE_itUl0S9KFbaAWzdZQ9Dm8fkAwT1nGU0PFfbIllksLQkzMnaBkpSUdKoETa-Tlx-C1JZ9ptshqCHimW-GSjv0PLhITIkvE4oaY4zoJw93YMo079vl44GwnCmQR5bbOWG-46B1U8EEDB1iFSpsyVFIu0zBe59-VzIJPtRLDLKLb3bNbF6wF8m11ROYl4eMR6-JFmFWzWuR9XVYUA&refId=uiCBxTmPkD9oedv4YE0mTg%3D%3D&trackingId=4IA%2F6RH4vmOSc4DysKRAtw%3D%3D&trk=flagship3_search_srp_jobs
5,Junior Software Engineer,                Brooksource,Data ScientistData Engineer,"Centennial, Colorado | RemoteCentennial, Colorado | Remote",0,/jobs/view/3797032333/?eBP=CwEAAAGM70JXwh65QTBFo3-G8DAOEBXlw3iRRdAbAXy58jwTL2y9TQLb3kWJNJU_oog-cKSP_6fqWP8usHyj0K25-S75wHyZ6f_s6-IKJhWaR2JuhgZBEJqNgic5p8OiBgIFppJEi8EwXgDykXA3h5Dd-NlR9YcINFeFpI-QcPsmO_0-K8IZabE792ctYbM50m-fhX-79tzuA8Cl4cNCuqVf5h7Ci0WMVV_AD13Swys-GNbv-XR_6ScnLG_aQzJGl7WPFbcSIJ7S96AwcoZDr-dbmiCUYNdiuvkw7d2mB0ZtlO-UQcrER1JfgdiQ7AljCePXL6yGR0ucwXEujwPF9LB_1X-vYpbONlg4FblCd0I25uQbsPe_SJmd4_w80N1xKqgPUSjFrzphH0XGd5XUnXRtBS9sFyVt&refId=uiCBxTmPkD9oedv4YE0mTg%3D%3D&trackingId=%2FsxlTavpZR0MfbXhFyLMSw%3D%3D&trk=flagship3_search_srp_jobs/jobs/view/3797032333/?eBP=CwEAAAGM70LDfdbhK4BsveNT5mpcBTCC924pVhZ7BrM493yEV5j0iiwlhOwKx9hMBGsX-1V46AhqlOZqK_fQFhhQx57Vpl_OaEet4wfXIpYd4qSn7_2XdOtFp74-8UBVIoRDn1Omi0FDp6rkBQI4730EUF60RApPAeWOE5Kgay7OvYmcqTdlymfNze-4nMaUpOa-NZ7UgghRx-5KvfAS_ExM7Gz6ZKb86K6C-9KyxAAzDgqGueQKU05m3t2XFyqvGRa32bQZxXSqpwnhXNpsqCmrXNX7EyHjIbMvv9T8FEmD1lXTwMM6DZnOHwOgQ0Hu0zftz9gRwCWVeWs4drTL1DGfXobx51hxLfrSHNkJeAgevIkCLFwVJDlWKg1m9DPjrAeHT9QT1QbMCPgtidnWTZP1Tro9pKPo&refId=44tdDZvCh8CGlf8GcMpzgw%3D%3D&trackingId=rTx7hMZxQLXqVQxLEWqJtA%3D%3D&trk=flagship3_search_srp_jobs
6,Lead Fullstack .Net/Azure Application Developer,                Deloitte,Data Engineer,"Centennial, Colorado | Remote",0,/jobs/view/3784087636/?eBP=CwEAAAGM70LDfaEnMNjkkEIBDflGyct3zDLyXLPxn1eZ2TtRZI0fY4vkNo0E3gcRh1eUiJE98TI2yKGxiKEMcqIqzPwuoK9cclZN06Fipch8KVA6VAF8VZ7HKMkBU1t7QMKRxW3Vmi8ysNnPVbjnHy4KsMYP6Qs9AJ3So85b9n_z7u6fMQVYcQCBWp69dPDJan_4pRNlKopYb4a7V6DU6HT8E8RE9zzm5j70OAX8HY-iTxR4ziIu8E6AYI04N-Fo_0mH43LG7Ul9j3wNWzazZk37LYqyfRLoC0QQCawvShUkmmXl0tkYslldkFQ5Wdtrfno6Wx3hbsc-Ov9BunKqCvEqwArQU7RT8Eo2reTwcNXbJYv_LGIzMrF7QXH9X9uEklXzOqcdtRyj-SuQxXQF2Tgtl2yfxg&refId=44tdDZvCh8CGlf8GcMpzgw%3D%3D&trackingId=JQSR6S5ybvEzs7nyzmQ6vA%3D%3D&trk=flagship3_search_srp_jobs
7,"Machine Learning Engineer, Ad Bidding Optimization",                Grammarly,Data ScientistData Engineer,"Centennial, Colorado | RemoteCentennial, Colorado | Remote",0,/jobs/view/3731824720/?eBP=CwEAAAGM70JXwqtwj199jtHntBQz9KK9rBHO163wBqBNf692MLkoV2TYFs0wM4_zT-sr9PBIqoM0gVGM-drDUwFuShdvsb06sfcClZfifsqOQgL_EzZpobR6NUmpypDSXfqy6PoKV9yjX7CYDtVeUep_fJNC2nSgoEZ4Fu4ukY-X668S7BkMK8YYRhq39Z92sJiNKmhcdjFiHAK3iro5pdgLWo8sgcdljyAynGzh7DD7TSa1muGj7xNIfzWNYHjBz17A7_Fs_YiyJ__pGLvtz0-PLr4LUS3ZS3eEqybX36mobKuk_D6ojIwPMfi7Jm_IEdywQtHkp0ShNxBIePLS5tHdEq1fnIUSSVWbbWAe9YzxAqIUmp-hwYYznv9OHteG46k8W0kUa8yuFIDRCxc1hAwC_WA&refId=uiCBxTmPkD9oedv4YE0mTg%3D%3D&trackingId=X2QwJ3EGVPoye13x5CxRpw%3D%3D&trk=flagship3_search_srp_jobs/jobs/view/3731824720/?eBP=CwEAAAGM70LDfP8oWidYz9aMAfxVL1L6Bw2yyG2jpSlNVrMWgqxpnHciV2Zr9UL5wRAo1kkChqsh_XzFJPui5mdpzEDP1X6r6dB9r7oezpiaW-n4K-0l7mLIZpafuuPkwOnysaP57K6_PvC5Y9dR0tO14N-BPTGQEBcii7skb1PNSqf-3BFTH9rw24706pdO4x9lUWxbtOvMC7DW8BPr9vTTUkG09KUaCaW4B_AF05vVNyBHYYgF0AylyW_w79StUaaf1oqwRjSZMX-N0GZBtlUg9br4E4DytK6mIsOtZlYzIw1gpC2RRm_qgOALr8-0Sz10hEcxTqOSeZ2xn8-11MUqqKOOM3z9PF2HwSCW27BjVRiRLr1Z1AsnpKmb1zhUXrrV7N0rnIVlB_9bExs225br3WU&refId=44tdDZvCh8CGlf8GcMpzgw%3D%3D&trackingId=dwCgOM1AlU6BVVEPaR4E2Q%3D%3D&trk=flagship3_search_srp_jobs
8,Master Data Management - Data/Process Analyst,                OpenText,Data Analyst,"Centennial, Colorado | Remote",0,/jobs/view/3737390815/?eBP=CwEAAAGM70HdiIjkp_WWjD_gEO-8VEhMUv9J54tTNoX2xSiPwvLizp1Bj4Lu-3iosoK3yKc97MFy4HqIDoDtH5arooqEldJUDf0mGa47iVSuHhxa0LSJe288avPnTINKLAMbfHX9tYs8I8V32frmxHQJ0lLoohGSggK3Uu7ULgGD5vzYE48lg92884QGWRAol4Jy2YzQ-KaThSUdwc2aMBFP1Y5Oatcc8kdCMJanypYptTmCa6YubmMe6JAhAM0OxKf0YGwp-7NHmtVljFTwFO2J39jsHU12SsQvJJjBAMRw5_5ETl9AnHlQkRqsl_hQ0LEMP58mF-7bX0r_FXPpfHaI-XEGz-KjIGEcnV5txMsCYgffWyOYIbNlfAviNr_dVL-04AOuIVWawFaYDuUqzEAFW7GcqKts&refId=YG8gmonjJ5Lfw3KlcXgqpQ%3D%3D&trackingId=By1yRX3LOW2HuY%2FEY8jo6Q%3D%3D&trk=flagship3_search_srp_jobs
9,Mining Water Quality Engineer or Scientist,                Geosyntec Consultants,Data Scientist,"Centennial, Colorado | Remote",0,/jobs/view/3721105471/?eBP=CwEAAAGM70JXwv2LM1BkyQBjhD1hnMyE5-RY1TKvAw9xiTXJqhY6bGLEYR805NJ_W5EJkirHWD1BbEpmaKjVrphG7uOhZGE1IiGuAiuQCBehG27Io0wciIipnJHWXB-gGq8cwD6vkcTxOg43QalIDMl4E7dxIc6SH4SWn_hJXwpLt9BySURHbdy7DlDrHnR8LrPu2pWZ4YiqPuontmX9StcLaIJH9dI2bVMx8x7U-YxRtSdAfB2x9nwIuszWkuHlRWOVAJ0kG-VDfccyJoLbW53qrkr94BNACD4BijQSq8MDwgBX9mcFqEzsntG4JoVenttBzxXsnhswlono65NVEua5Er2RRXtauyRuTrbXqCHJ_iqKC0aObo4FQoiw9bIIJmBmJP98r53NnSN2JNQEsgKvFnPDUg&refId=uiCBxTmPkD9oedv4YE0mTg%3D%3D&trackingId=dGZ5EKVQsuxNYcj6tNjzBA%3D%3D&trk=flagship3_search_srp_jobs
10,NOC Software Engineer,                Agoda,Data Engineer,"Centennial, Colorado | Remote",0,/jobs/view/3800982208/?eBP=CwEAAAGM70LDfUKkNNPE3DUQ_PKCcchQkjRyf9nMGrUoAyFnC4kffrRlwONNXKekO7wpUzQlY46oouAngOLNosBPXutLNzyeL6pEECH6_AIc801OiunQysN0QeokZmKIUH9w8ldkDG0ke7rtPBm97sWpZ7Vq5hsspXLlsyb2WOcGtZ3r22Bfa7n76tdiQn3Qjq7OQ-Gw1P9SIU0RwaLmdBuqypIpZksg90ehmgt7hqNsYQBlxW9YNkZl9tuBoPEPjUcf36Je90rkbJC5pRpnxvjOibR-7XeLnjzogTGiEvxXBI8UfLzgiEghYmUp3fZVT_-5xe-_DKY0omHzlyRcTTHgG17mu3RRoTF6xI7Gd-YsaA1IEm11GZvU&refId=44tdDZvCh8CGlf8GcMpzgw%3D%3D&trackingId=ZNowpJv08iiNP1qzxScRxQ%3D%3D&trk=flagship3_search_srp_jobs
11,Oracle APEX Programmer/Analyst (Financial Systems),                Dice,SQL Analyst,"Centennial, Colorado | Remote",0,/jobs/view/3802125741/?eBP=CwEAAAGM70FqL_2qJViZLefo59ziKACWCAhVukI705IAmpWx2sIj6KwknBeloN9pUEJ-iXze8S4Cz8USbhu2jgHuJH5v-Q1D5kHnUjYB11RGat56oB0hNSp8NvP7Bo1NnlHpzUo1GLTXrrvFww5G9sBGXrWcJm8-gwZ6poxsWve1jonogmXSioHRd7_wS-QDLwgx5L3l-_MbzmMe-ylQepD6w0ILC65SHAhMpVf-GH0uuGsIx6t8sV2WUABgZlWoOM7UIxbcQHHs43dtL-6C_XG5cb6SJK0pAEj-oPsUv7DevtV-CzdGNrgg9Xs0ONPNDOm8aA2pHkKyWK_ED2_m8F8zuqNr8-os9k8JKWQ&refId=Hj%2FPdxCRJonuTkYE2f2sCA%3D%3D&trackingId=e2O5s3I10XV%2FnqmC%2FVgVuQ%3D%3D&trk=flagship3_search_srp_jobs
12,Principal Statistician,                Pharmaron,Data Analyst,"Centennial, Colorado | Remote",0,/jobs/view/3762937092/?eBP=CwEAAAGM70HdiKvyyc1EyrwnKWToApuiFnp1g1hdwIsjnPm7RhQ-b3TmZ14B150HoYO9W7lv8VXl_xDneGfhoGO8gojS3bub0FO3aZnEBItcqhwA_XvU479Qe0pssFbVfoDD1Pz4BwJe7dE8557_gtXvC9jsiKpiTJVBFFAizbQ9NTRQLs3R2cfUs6F44ZhLTdjEWqY7vCNF8r4qUgbGpGD_1IBZ7WJo6vvazRGMD-n2BV3RJREHSmsK8Gw3gdUl_fPCaunN0vXGLvhXi1ZXL5ICP0i9MqZJiwXu63wG8uWy9Dl51SOnb7jSwO_fi9toVbLe8R4ps_ycCmrJYs96fPD-tpiNzDvkdXjzDaBf5ivQ0xkzT-uQAe6WD83B1aD06flUmIH1gdSc8osu-4u66VCVu8z9oX4f&refId=YG8gmonjJ5Lfw3KlcXgqpQ%3D%3D&trackingId=8ilD3XnHLOJ%2BJzSMAhPVqQ%3D%3D&trk=flagship3_search_srp_jobs
13,SLD Networking and Data Management Lead Systems Engineer â€“ Lunar Transportation,                BLUE ORIGIN,Data Engineer,"Centennial, Colorado | Remote",0,/jobs/view/3756329105/?eBP=CwEAAAGM70LDfe4-is-CVJP6qPsLYrxdFkxCY42vSmidyU1My49TehDR5DGiH3vs8_yQV_g--MbVnkym4Ne7ZfiKuwWD-CAvQuodov69YwYEyrqHQAxKBYIg3-_7CVaAqGG1ejrjcK7yKtQ5U9nm8H-lEq8Wyql5xfiu58YDtZ4QhtSuU4vxGOIBw57UsJbR0NheLQ_baZIauI7o8pDgBPSJAm0-OobjtwIlWz9q5flaNwXARe8TigL7WuMePifWiNJwL6X4zOxIHmpLIHrBdSdO9Re4Bip7gpAPEc4Tt9gw0CI-ph0aMbHg2cq4rgjM-wc79oibXFTVCnq8kgDRr9Qk25wMZkClWwNOQI_BMIV2QBTIikfMeA5ZhCqtLjbLwaUQPAmvDIOoVth26vSPZ60Pay7hGA&refId=44tdDZvCh8CGlf8GcMpzgw%3D%3D&trackingId=GudR0eAlkPG49EiCLQkXfw%3D%3D&trk=flagship3_search_srp_jobs
14,Salesforce Technical Architect Specialist Master,                Deloitte,Data Engineer,"Centennial, Colorado | Remote",0,/jobs/view/3625536610/?eBP=CwEAAAGM70LDfY-DdWupgaxdkGbYMjWyXy7cyWCmu8JZ8qf3pf8ld1VU6FAKdr534bYeM1NnSk6Tzef0b-aHPS0ktKeD4ZZj0qJSAErfplaY5AMnW03THcDMdbq9cVryhYEGXiZ-i3HOsLgFaNEZ4zFYhF6rnoBEyw7UwH4sdSZwkpx3uFFD07fBUmlj7do75oI3xt1AnftbBY_t1pUk9nQHXfzuIBAV9hQw0F40LpUl8MWQ9-g4It76JN6ElPDq5nyi39fAR0v8gF7s8VCNucc7YQuEx57x3ImPUiZ19JLgK8B6_yznH47a2dk9YywQ-dgo3jboJ96noib2OyVGbf71dlItggZ-AfNvzGHtJ4gbXQdeCBPIIWQjtVB2OElzjVfE4qT3wBhmAac7GpfzFSqapo9b8g&refId=44tdDZvCh8CGlf8GcMpzgw%3D%3D&trackingId=7pljxn%2FuZTzYRe3U61Rl%2FA%3D%3D&trk=flagship3_search_srp_jobs
15,Site Reliability Engineering- GovCloud,                Salesforce,Data Scientist,"Centennial, Colorado | Remote",0,/jobs/view/3789701574/?eBP=CwEAAAGM70JXwixRL1PdZdBwU63JybO-2Kug4OKTm1SErbWwleby4MjNfXdOhcqYe6l00KWDgsOB0FCm-Swfc3Si70K43uhN8_9r2KUWXWERS6PVevYTOZ_WrJ15R2rIM0MRRcJBsC2NtIS_LaVk-IeHMjqfyF8qEy02dvy11-sEfUFvrzxJNSMcLa2A1QPlIYiTUxG-UYi4EZrkxa4ab9UHsIRTX22bBnhQBmnLAsEUkggUUNqkrKUbjULPWOEecwpgG7U_XJiU53XTtIpdbBcWRK84f5tLomaLJVNFpT_3_mUu6ohzQUolQv1JsG1NlLU7Wfi2xXYYSZ7Y_e7i-tpStu9B4lnhg0K5RI_dpcDApEH9ZXki3YPyTkn2p3hXg-4hWepIGi4M2mEMD6J-nm1X3POFzQ&refId=uiCBxTmPkD9oedv4YE0mTg%3D%3D&trackingId=tKB4OxElpw8NJJYW0JoHuQ%3D%3D&trk=flagship3_search_srp_jobs
16,Strategic Intelligence Partnership Program (SIPP) Analyst,                National Renewable Energy Laboratory,Data Analyst,"Centennial, Colorado | Remote",0,/jobs/view/3789710631/?eBP=CwEAAAGM70HdiDxhZ_Z_36rY3EzJ_kII_1Ri_N47W0qVKvSrtZIsaXnyeia5Z9jJnLUvqYwr9tmggsYReMcqPQWaolli9E27k4pmZoX4mve_SR1kr5q7MwLB14AWytptQpskFn8yBd2L82zYxS96Yx3mSBnm55eEcK8yvWIX7gcpZb8nZhPZcF4F9HbIadK1wxymf2qGYCbAgNg-kDZkfvv0ENwK8D17aQ_pQ_-1oJED-TeJGyhCb5lLjI0gtTGgv8Meb8Sj1wlf5b5hpASGMy5RgyLyTEETrnZnD4xD4jJ6ynm0jyseWbUzj492pA9ZeB3-cyPnQoJ8vaz1A_gNaxoJO1PZGTz26A5OIu0zeHWu1zQKDwIgi1T2fJepA3JHZt5sMRqbGk0L2T_E4fHxC5SJyyIaWA&refId=YG8gmonjJ5Lfw3KlcXgqpQ%3D%3D&trackingId=QfOmwta9gPy3n0WF75YzJA%3D%3D&trk=flagship3_search_srp_jobs
17,Summer Intern | Talent Acquisition,"                HKS, Inc.",Data Scientist,"Centennial, Colorado | Remote",0,/jobs/view/3800448258/?eBP=CwEAAAGM70JXwtxV2lqYF0H9FvayocNYQY_3I-oiqo2-xpYMPxDAn-iG9tTe57JaWDkR51-9ngmRi_YnfEPNYnIzm-WI5KY6DqCng-dVjpbEVp5y9NXqWcioAFLvv829aMJnQ9shsaM_zBBC6g5KbhpINzB6QRO6XEQpSLpxSGajNyLEK7aHFyP5Ugi8plTv-eJAiVd8wu2-go10smQ_U7eacfK7VOVbuuICvTXxUGfDCSaScayBB5EJdIoplhFb9XAlS8m21FUsYaNzwJsMI7YTwF0YXOTCECd88FfsbqQb1V-prOgNtRvPlH9dnwL1apBOTOaLk0UgTfuoTTTjcsDIsS73BARZ82s27xkKiYEEjfVcFdvUQZkkdleLjoRoRnKFWW_HC1RUbESanN_Pg6bbiNbgqA&refId=uiCBxTmPkD9oedv4YE0mTg%3D%3D&trackingId=ynWrivPLlqp8W18%2BJkTFtA%3D%3D&trk=flagship3_search_srp_jobs
18,Technical Solutions Engineer,                Epic,Data Scientist,"Centennial, Colorado | Remote",0,/jobs/view/3545679740/?eBP=CwEAAAGM70JXwvSXYCczDbDKBbCl1RiLalsh12Qiek8Hq4laCvnqD-2q2rgKHvfe76aIDpitgj16hlOfN-KspSOrHXZPT11qIYQyPsBbU1_aS1SY3MT2IQiK1AAZbLlDsVIjJO3328eAGDlh6WTgWTi5c_SwpuBLWafHpnC4OVJFzn5Wt0QFHa4aR_6znfXhLdM6xuUAu2LuHIMgcE7eAFFCHtqGgApLuT5r-SOdLcXvvfhG1HEU1zFSBU_NvOVH221BNqhiZ5ffI5AsMVDF6DF9oufUIWtACamxqJ_7soCYKfDymUvKKTsM4P9Ew21UsLCm6LlIBtXJzTS5OqsnULfcK1ar39mNpmksfFO61ptXpnqQdULg4yn2cMAaalLEzK1YGu4YzR0Lbvvwv_wF4aKb-24IXjLE&refId=uiCBxTmPkD9oedv4YE0mTg%3D%3D&trackingId=HmUkaHO4gAz8U9X8WeLbLA%3D%3D&trk=flagship3_search_srp_jobs
